1880,-.79,-.38,-.46,-.64,-.33,-.48,-.45,.09,-.49,-.66,-.49,-.49,-.46,***,***,-.47,-.28,-.55
1881,-.80,-.59,-.34,-.26,-.01,-1.13,-.50,-.26,-.35,-.47,-.54,-.12,-.45,-.48,-.63,-.20,-.63,-.45
1882,.16,-.06,-.07,-.58,-.35,-1.01,-.70,-.10,-.08,-.29,-.38,-.68,-.35,-.30,-.01,-.33,-.60,-.25
1883,-.67,-.93,-.45,-.29,-.33,.46,.01,-.13,-.44,-.55,-.66,-.36,-.36,-.39,-.76,-.36,.11,-.55
1884,-.56,-.30,-.38,-.95,-1.17,-.81,-.82,.17,-.33,-.75,-.78,-.99,-.64,-.59,-.41,-.83,-.48,-.62
1885,-.90,-.77,-.90,-.84,-.49,-.91,-.60,-.13,-.13,-.01,-.35,.04,-.50,-.58,-.89,-.74,-.54,-.16
1886,-.74,-.80,-.66,-.60,-.53,-.83,-.36,-.71,-.40,-.84,-.45,-.71,-.64,-.57,-.50,-.59,-.63,-.56
1887,-.85,-1.26,-.58,-.84,-.84,-.66,-.40,-.24,-.60,-.56,-.89,-.63,-.70,-.70,-.94,-.75,-.43,-.68
1888,-.73,-.81,-.91,-.30,-.75,-.55,-.36,-.34,-.41,-.28,-.05,-.17,-.47,-.51,-.72,-.66,-.42,-.25
1889,-.26,.20,.08,.16,.13,-.29,-.39,-.58,-.34,-.17,-.41,-.37,-.19,-.17,-.08,.12,-.42,-.31
1890,-.57,-.60,-.59,-.49,-.89,-.56,-.53,-.55,-.31,-.25,-.75,-.51,-.55,-.54,-.51,-.66,-.55,-.43
1891,-.92,-1.03,-.51,-.68,-.48,-.56,-.74,-.57,-.50,-.56,-.54,.05,-.59,-.63,-.82,-.56,-.63,-.53
1892,-.61,-.32,-.59,-.72,-.65,-.56,-.38,-.25,-.46,-.33,-.61,-.60,-.51,-.45,-.30,-.65,-.40,-.47
1893,-1.42,-.99,-.59,-.65,-.72,-.68,-.15,-.35,-.27,-.10,-.13,-.37,-.53,-.55,-1.00,-.66,-.39,-.16
1894,-.76,-.63,-.42,-.66,-.67,-.49,-.39,-.33,-.43,-.10,-.15,-.18,-.43,-.45,-.59,-.58,-.40,-.23
1895,-.70,-.80,-.52,-.49,-.31,-.29,-.54,-.19,-.16,-.10,-.17,-.10,-.36,-.37,-.56,-.44,-.34,-.14
1896,-.23,-.30,-.54,-.49,-.46,-.47,-.21,-.39,-.11,-.04,-.44,-.22,-.33,-.32,-.21,-.50,-.36,-.20
1897,-.27,-.50,-.31,-.11,-.26,-.17,-.10,-.30,-.15,-.22,.01,-.22,-.22,-.22,-.33,-.23,-.19,-.12
1898,-.11,-.43,-.81,-.57,-.63,-.30,-.35,-.22,-.01,-.41,-.49,-.21,-.38,-.38,-.25,-.67,-.29,-.30
1899,-.42,-.61,-.37,-.25,-.41,-.54,-.30,-.28,-.01,-.27,-.01,-.22,-.31,-.31,-.41,-.34,-.37,-.10
1900,-.54,-.05,-.19,-.17,-.18,-.12,-.36,-.19,-.10,.12,-.17,-.09,-.17,-.18,-.27,-.18,-.22,-.05
1901,-.23,-.13,-.14,-.09,-.20,.01,-.26,-.21,.02,-.18,-.13,-.23,-.15,-.14,-.15,-.14,-.16,-.10
1902,-.28,-.03,-.18,-.19,-.31,-.35,-.43,-.51,-.39,-.45,-.48,-.56,-.35,-.32,-.18,-.23,-.43,-.44
1903,-.33,-.13,-.17,-.53,-.43,-.64,-.30,-.43,-.44,-.49,-.45,-.60,-.41,-.41,-.34,-.38,-.45,-.46
1904,-.79,-.75,-.55,-.44,-.63,-.49,-.60,-.50,-.45,-.52,-.25,-.42,-.53,-.55,-.71,-.54,-.53,-.41
1905,-.41,-.97,-.24,-.33,-.36,-.31,-.44,-.27,-.22,-.37,-.09,-.26,-.36,-.37,-.60,-.31,-.34,-.23
1906,-.17,-.33,-.33,.06,-.20,-.23,-.21,-.16,-.30,-.19,-.54,-.27,-.24,-.24,-.25,-.16,-.20,-.34
1907,-.49,-.67,-.47,-.59,-.59,-.66,-.42,-.55,-.39,-.33,-.60,-.66,-.53,-.50,-.47,-.55,-.54,-.44
1908,-.37,-.32,-.51,-.45,-.33,-.43,-.39,-.39,-.16,-.40,-.58,-.40,-.39,-.42,-.45,-.43,-.40,-.38
1909,-.78,-.58,-.50,-.61,-.59,-.42,-.34,-.09,-.19,-.17,-.14,-.54,-.41,-.40,-.59,-.57,-.28,-.17
1910,-.45,-.38,-.47,-.31,-.25,-.34,-.22,-.14,-.10,-.29,-.53,-.65,-.34,-.34,-.46,-.34,-.23,-.31
1911,-.65,-.65,-.61,-.52,-.37,-.37,-.14,-.23,-.25,-.17,-.13,-.23,-.36,-.40,-.65,-.50,-.25,-.18
1912,-.17,-.11,-.42,-.28,-.18,-.25,-.49,-.61,-.34,-.46,-.41,-.33,-.34,-.33,-.17,-.29,-.45,-.40
1913,-.45,-.49,-.58,-.29,-.62,-.60,-.21,-.20,-.20,-.30,-.13,.06,-.33,-.37,-.42,-.49,-.34,-.21
1914,.15,-.03,-.05,-.20,-.02,-.10,-.22,-.07,-.07,.14,-.32,-.20,-.08,-.06,.06,-.09,-.13,-.08
1915,-.16,.06,-.10,-.02,-.20,-.21,.04,-.18,.00,-.08,.06,-.09,-.07,-.08,-.10,-.11,-.12,-.01
1916,-.05,-.11,-.44,-.27,-.34,-.49,-.35,-.09,-.16,-.13,-.36,-.79,-.30,-.24,-.08,-.35,-.31,-.22
1917,-.50,-.73,-.78,-.52,-.79,-.45,.01,-.37,-.31,-.49,-.30,-.93,-.51,-.50,-.68,-.69,-.27,-.36
1918,-.62,-.58,-.48,-.54,-.77,-.43,-.47,-.46,-.16,.03,-.24,-.34,-.42,-.47,-.71,-.59,-.45,-.12
1919,-.28,-.24,-.10,-.12,-.15,-.16,-.07,-.07,-.19,-.06,-.43,-.29,-.18,-.19,-.29,-.13,-.10,-.23
1920,-.10,-.29,-.17,-.20,-.31,-.38,-.21,-.14,-.16,-.44,-.34,-.48,-.27,-.25,-.22,-.23,-.24,-.31
1921,-.01,-.16,-.12,-.18,-.18,-.09,.02,-.45,-.13,-.10,-.26,-.17,-.15,-.18,-.22,-.16,-.18,-.16
1922,-.40,-.46,-.31,-.10,-.36,-.31,-.03,-.23,-.13,-.24,-.10,-.14,-.23,-.24,-.34,-.26,-.19,-.16
1923,-.24,-.20,-.23,-.46,-.32,-.27,-.49,-.36,-.29,-.09,-.02,-.08,-.25,-.26,-.19,-.34,-.37,-.13
1924,-.28,-.43,-.14,-.51,-.28,-.16,-.14,-.16,-.06,-.13,-.06,-.28,-.22,-.20,-.26,-.31,-.15,-.08
1925,-.42,-.36,-.28,-.16,-.33,-.40,-.42,-.09,-.30,-.35,-.02,.18,-.25,-.29,-.36,-.26,-.30,-.22
1926,.25,.27,.20,-.12,-.37,-.22,-.16,.02,.01,-.12,.03,-.25,-.04,.00,.23,-.10,-.12,-.03
1927,-.19,-.19,-.39,-.35,-.30,-.26,-.07,-.26,-.11,.14,.11,-.23,-.17,-.17,-.21,-.35,-.20,.05
1928,.06,.00,-.10,-.09,-.37,-.55,-.06,-.04,.03,-.04,.10,-.04,-.09,-.11,-.06,-.19,-.21,.03
1929,-.27,-.52,-.35,-.43,-.41,-.43,-.38,-.37,-.21,.01,-.04,-.60,-.33,-.29,-.28,-.40,-.39,-.08
1930,-.22,-.21,-.06,-.23,-.16,-.22,-.20,-.17,-.13,-.27,.11,-.07,-.15,-.20,-.34,-.15,-.19,-.10
1931,-.16,-.30,-.06,-.31,-.19,-.10,.06,.07,-.19,.02,-.19,.05,-.11,-.12,-.18,-.19,.01,-.12
1932,.32,-.29,-.22,.04,-.20,-.48,-.24,-.20,.04,.07,-.11,-.16,-.12,-.10,.03,-.13,-.31,.00
1933,-.38,-.29,-.27,-.21,-.15,-.28,-.13,-.20,-.12,-.10,-.37,-.57,-.25,-.22,-.28,-.21,-.20,-.19
1934,-.16,-.13,-.38,-.36,-.01,-.19,-.01,.05,-.09,-.07,.04,.06,-.10,-.16,-.28,-.25,-.05,-.04
1935,-.34,.21,.01,-.51,-.36,-.24,-.29,-.26,-.40,-.08,-.34,-.20,-.24,-.21,-.03,-.29,-.26,-.27
1936,-.30,-.45,-.18,-.05,-.30,-.19,.20,-.01,-.03,-.01,.02,.08,-.10,-.12,-.31,-.18,.00,-.01
1937,-.13,.04,-.22,-.21,-.04,-.06,-.13,.04,.23,.20,.28,-.09,-.01,.01,.00,-.15,-.05,.24
1938,-.02,-.02,.18,.26,.07,-.13,.01,-.09,.09,.30,.10,-.12,.05,.05,-.04,.17,-.07,.16
1939,-.04,-.19,-.37,-.18,-.02,-.11,-.14,-.26,-.14,-.10,-.17,.32,-.12,-.15,-.12,-.19,-.17,-.14
1940,-.22,.05,.10,.01,.06,.16,.20,.08,.18,.04,.05,.22,.08,.08,.05,.06,.15,.09
1941,.01,.19,-.13,-.01,.08,.11,.25,.03,-.21,.08,-.07,.01,.03,.05,.14,-.02,.13,-.07
1942,.17,-.07,-.03,-.03,.01,.02,.04,.08,.04,-.04,.09,.01,.02,.02,.04,-.02,.05,.03
1943,-.25,.00,-.18,-.03,-.12,-.13,.07,-.21,.01,.25,.03,.18,-.03,-.04,-.08,-.11,-.09,.10
1944,.31,.10,.07,-.08,-.10,-.08,.03,.03,.19,.17,-.03,-.24,.03,.06,.19,-.04,-.01,.11
1945,-.04,-.20,-.06,.09,-.30,-.31,-.26,.19,.05,.01,-.11,-.39,-.11,-.10,-.16,-.09,-.13,-.02
1946,-.04,-.07,-.19,.03,-.01,-.20,.01,-.07,-.02,-.19,-.13,-.35,-.10,-.11,-.16,-.06,-.09,-.12
1947,-.17,.00,.14,.09,-.05,-.01,-.04,-.01,-.02,.21,.20,-.19,.01,.00,-.18,.06,-.02,.13
1948,.18,-.17,-.30,-.14,.00,.04,-.18,-.21,-.03,-.05,-.21,-.22,-.11,-.10,-.06,-.15,-.12,-.10
1949,.01,-.38,-.11,-.28,-.17,-.18,-.11,-.14,-.09,-.02,-.06,-.20,-.14,-.15,-.20,-.19,-.14,-.06
1950,-.32,-.34,-.07,-.24,-.24,-.10,-.13,-.36,-.19,-.24,-.43,-.20,-.24,-.24,-.29,-.18,-.20,-.29
1951,-.40,-.50,-.18,-.05,.03,-.06,-.06,.08,.07,-.02,-.05,.11,-.09,-.11,-.37,-.07,-.01,.00
1952,.07,.08,-.21,-.09,-.13,-.12,.04,.08,.11,-.05,-.22,-.05,-.04,-.03,.09,-.14,.00,-.05
1953,.07,.05,.13,.08,-.05,-.01,-.07,.08,.06,.03,.01,.13,.04,.03,.02,.05,.00,.03
1954,-.31,-.09,-.12,-.15,-.19,-.20,-.27,-.19,-.18,.00,.16,-.14,-.14,-.12,-.09,-.15,-.22,-.01
1955,.21,-.11,-.40,-.19,-.18,-.20,-.16,.11,-.11,.01,-.26,-.32,-.13,-.12,-.01,-.26,-.08,-.12
1956,-.24,-.32,-.34,-.25,-.30,-.10,-.11,-.32,-.14,-.23,-.24,-.19,-.23,-.24,-.29,-.30,-.18,-.20
1957,-.14,-.05,-.08,.01,.00,.13,-.12,.14,.09,.00,.14,.21,.03,-.01,-.13,-.02,.05,.08
1958,.42,.25,.18,.08,.12,-.16,.08,-.10,-.06,.09,.08,-.06,.08,.10,.29,.13,-.06,.04
1959,.05,.09,.24,.18,-.02,.08,.10,.00,-.14,-.10,-.09,.09,.04,.03,.03,.13,.06,-.11
1960,.08,.27,-.46,-.21,-.14,-.03,-.12,.07,.09,.11,-.10,.17,-.02,-.03,.14,-.27,-.03,.03
1961,.08,.21,.02,.13,.18,.13,.00,.08,.16,.09,.08,-.13,.09,.11,.15,.11,.07,.11
1962,.08,.16,.11,.06,-.09,.06,-.12,-.08,.02,.02,.10,.01,.03,.02,.04,.02,-.04,.05
1963,.00,.24,-.22,-.18,-.12,.05,.06,.19,.22,.10,.06,-.05,.03,.03,.09,-.18,.10,.13
1964,-.07,-.16,-.27,-.36,-.33,-.11,-.07,-.29,-.37,-.34,-.20,-.34,-.24,-.22,-.09,-.32,-.16,-.30
1965,-.06,-.18,-.11,-.29,-.15,-.15,-.27,-.08,-.27,-.09,-.13,-.18,-.16,-.18,-.19,-.18,-.17,-.16
1966,-.21,-.03,.15,-.08,-.11,-.04,.11,-.10,-.02,-.26,-.04,-.07,-.06,-.07,-.14,-.01,-.01,-.11
1967,-.08,-.26,.01,-.08,.19,-.12,.06,.03,-.01,.11,.00,.01,-.01,-.02,-.14,.04,-.01,.04
1968,-.20,-.16,.32,-.08,-.18,-.11,-.14,-.08,-.27,.06,-.07,-.22,-.09,-.07,-.12,.02,-.11,-.09
1969,-.16,-.25,-.09,.12,.16,.04,-.02,-.09,.01,.09,.08,.33,.02,-.03,-.21,.06,-.02,.06
1970,.04,.27,.11,.13,-.04,.13,.10,-.07,.17,.12,.04,-.10,.07,.11,.22,.06,.05,.11
1971,-.01,-.12,-.19,-.03,-.06,-.20,-.11,.03,.03,-.02,-.12,-.05,-.07,-.07,-.08,-.09,-.09,-.03
1972,-.29,-.30,-.07,-.05,-.02,.07,.07,.20,.06,-.03,-.05,.15,-.02,-.04,-.21,-.04,.11,-.01
1973,.26,.32,.38,.35,.35,.28,.20,.06,.12,.21,.10,-.01,.22,.23,.24,.36,.18,.14
1974,-.06,-.23,.00,-.07,.03,.01,-.01,.12,-.14,-.07,-.07,-.04,-.04,-.04,-.10,-.01,.04,-.10
1975,.06,.10,.13,.04,.27,.05,.07,-.25,-.02,-.03,-.06,-.21,.01,.03,.04,.15,-.04,-.03
1976,-.01,-.07,-.30,-.23,-.24,-.18,-.16,-.24,-.15,-.36,-.17,-.02,-.18,-.19,-.09,-.26,-.19,-.23
1977,.14,.22,.31,.31,.30,.32,.31,.29,-.09,.00,.24,.15,.21,.19,.11,.31,.31,.05
1978,.14,.20,.27,.27,.20,.03,.19,-.14,.15,.04,.15,.11,.13,.14,.16,.25,.03,.11
1979,.17,-.10,.25,.20,.09,.21,.04,.13,.29,.28,.30,.53,.20,.17,.06,.18,.13,.29
1980,.36,.46,.41,.44,.46,.22,.38,.31,.33,.24,.29,.19,.34,.37,.45,.44,.30,.29
1981,.62,.57,.67,.50,.33,.38,.51,.54,.28,.11,.22,.48,.44,.41,.46,.50,.48,.21
1982,.13,.25,.00,.04,.26,.05,.19,.09,.10,.02,.13,.42,.14,.15,.29,.10,.11,.09
1983,.49,.41,.48,.40,.48,.28,.22,.47,.57,.35,.33,.19,.39,.41,.44,.46,.32,.42
1984,.25,.17,.38,.15,.47,.05,.19,.28,.28,.23,.12,.04,.22,.23,.20,.33,.18,.21
1985,.32,.03,.27,.21,.22,.27,.03,.36,.26,.14,.10,.15,.20,.19,.13,.24,.22,.17
1986,.39,.52,.40,.43,.34,.12,.15,.22,.04,.13,.13,.22,.26,.25,.35,.39,.16,.10
1987,.46,.55,.26,.39,.31,.57,.61,.29,.38,.36,.31,.58,.42,.39,.41,.32,.49,.35
1988,.69,.50,.64,.51,.64,.61,.46,.59,.57,.57,.20,.40,.53,.55,.59,.60,.55,.44
1989,.27,.47,.46,.43,.20,.16,.49,.53,.55,.45,.24,.41,.39,.39,.38,.36,.39,.41
1990,.54,.42,.86,.65,.56,.47,.63,.43,.32,.52,.55,.49,.54,.53,.46,.69,.51,.46
1991,.51,.63,.49,.74,.43,.70,.64,.58,.64,.37,.34,.34,.53,.55,.54,.55,.64,.45
1992,.51,.42,.55,.24,.28,.31,.09,.15,-.02,.10,.04,.26,.25,.25,.43,.36,.18,.04
1993,.41,.43,.34,.31,.30,.28,.40,.23,.11,.26,.10,.20,.28,.29,.37,.32,.31,.16
1994,.41,.10,.29,.55,.29,.59,.43,.28,.42,.43,.52,.45,.40,.38,.24,.38,.43,.46
1995,.58,.91,.53,.59,.40,.51,.65,.59,.48,.69,.54,.41,.57,.58,.65,.51,.58,.57
1996,.42,.61,.46,.52,.36,.33,.59,.78,.45,.35,.52,.55,.49,.48,.48,.44,.57,.44
1997,.49,.56,.67,.40,.44,.68,.35,.46,.50,.61,.73,.71,.55,.54,.53,.50,.50,.61
1998,.74,1.21,.84,.83,.94,1.04,.93,.86,.60,.69,.66,.79,.84,.84,.88,.87,.94,.65
1999,.69,.87,.50,.42,.51,.63,.64,.55,.67,.64,.59,.51,.60,.62,.78,.48,.61,.63
2000,.32,.79,.71,.76,.58,.70,.65,.63,.58,.37,.49,.49,.59,.59,.54,.68,.66,.48
2001,.60,.64,.68,.62,.74,.67,.73,.65,.72,.63,.81,.75,.69,.66,.57,.68,.68,.72
2002,.99,.91,1.14,.81,.88,.67,.86,.70,.84,.65,.72,.57,.81,.83,.88,.95,.74,.74
2003,.94,.75,.73,.71,.88,.65,.67,.87,.85,.87,.66,.89,.79,.76,.75,.77,.73,.79
2004,.75,.95,.86,.78,.50,.67,.24,.61,.60,.83,.89,.69,.70,.71,.86,.71,.51,.77
2005,.99,.89,.96,.85,.76,.84,.81,.76,1.00,1.02,.90,.91,.89,.87,.85,.86,.80,.97
2006,.78,.92,.81,.70,.52,.77,.66,.83,.73,.83,.85,.89,.77,.78,.87,.67,.76,.80
2007,1.22,.93,.91,.93,.95,.66,.78,.84,.81,.80,.73,.71,.86,.87,1.02,.93,.76,.78
2008,.48,.45,.90,.67,.56,.50,.74,.41,.82,.73,.81,.73,.65,.65,.55,.71,.55,.78
2009,.76,.75,.66,.75,.84,.81,.88,.86,.90,.73,.83,.77,.80,.79,.75,.75,.85,.82
2010,.98,1.05,1.13,.99,.97,.86,.75,.83,.85,.95,1.01,.70,.92,.93,.93,1.03,.81,.94
2011,.72,.68,.76,.81,.64,.72,.90,.96,.77,.83,.78,.80,.78,.77,.70,.74,.86,.79
2012,.61,.57,.70,.79,.93,.71,.57,.85,.88,.92,.93,.71,.76,.77,.66,.80,.71,.91
2013,.97,.73,.84,.65,.65,.87,.65,.78,1.00,.85,.88,.83,.81,.80,.80,.71,.77,.91
2014,.95,.65,.77,.88,1.04,.77,.72,.84,1.09,1.01,.80,.98,.88,.86,.81,.90,.78,.97
2015,.95,1.07,1.10,.77,.84,.84,.70,.88,.81,1.19,1.18,1.38,.98,.94,1.00,.91,.81,1.06
2016,1.35,1.65,1.63,1.35,1.15,.91,.97,1.31,1.10,1.21,1.19,1.13,1.25,1.27,1.46,1.38,1.06,1.17
2017,1.13,1.43,1.36,1.17,1.22,.78,1.07,1.09,.96,1.15,1.04,1.14,1.13,1.13,1.23,1.25,.98,1.05
